Wall time,Step,Value
1677298356.914259,5,0.876744270324707
1677300335.8603365,10,0.8771451115608215
1677302313.3240151,15,0.8803566694259644
1677304288.9777021,20,0.8775328397750854
1677306243.2044592,25,0.8811769485473633
1677308209.5880177,30,0.8742252588272095
1677310161.7620695,35,0.8751044273376465
1677312129.3026075,40,0.8832154273986816
1677314110.2079508,45,0.8730559349060059
1677316060.5147486,50,0.885555624961853
1677318004.604297,55,0.878013551235199
1677319954.7639232,60,0.8733397722244263
1677321907.1941001,65,0.8806630373001099
1677323849.2858627,70,0.8637813329696655
1677325792.0496979,75,0.8835574984550476
1677327735.3357346,80,0.8923486471176147
1677329681.1159563,85,0.8760403394699097
1677331623.6347337,90,0.8708400726318359
1677333564.6487896,95,0.872673511505127
1677335507.3735762,100,0.8817248344421387
1677337448.015552,105,0.878760039806366
1677339396.3982809,110,0.8818783760070801
1677341340.7545185,115,0.8735785484313965
1677343296.780382,120,0.8690018057823181
1677345250.7500565,125,0.8839806914329529
1677347192.9523885,130,0.8803210854530334
1677349124.427264,135,0.8836466073989868
1677351064.3399253,140,0.8829430341720581
1677353000.6554642,145,0.882968544960022
1677354933.4927313,150,0.8845146298408508
